Workbook

Sheet Method Summary
B1: Verification Protocol and Data Collection Template for: | G1: 46210
B2: =C3&" on " & F4& " "&C4 -> Creatinine on Atellica CI
A3: Measurand: | B3: Analyte: | C3: Creatinine | D3: Matrix: | E3: Urine and Serum | F3: Collection Container(s): | G3: Serum, lithium heparin plasma, dipotassium EDTA plasma, sodium heparin plasma, urine
A4: New Method Information: | B4: Instrument: | C4: Atellica CI | D4: Manufacturer: | E4: Siemens
B5: Instrument S/N: | D5: Reagent Lot #: | F5: Calibrator Lot #:
A6: Purpose: | B6: ="This method serves to verify the performance of "&C3&" ("&E3&") on "&C4&"." -> This method serves to verify the performance of Creatinine (Urine and Serum) on Atellica CI.
A7: Reporting: | B7: Patient Results: | C7: Whole numbers | D7: QC: | E7: 1 decimal (x.x)
B8: Unit of Measure: | C8: umol/L | D8: Note: Urine creatinine maybe converted to mmol/L.
A12: The complete evaluation consists of: | B12: 1) Precision Studies over 20 days, Running Each Level Duplicates, Across 2 Runs; Total 80 points
B13: 2) Accuracy by Method Comparison ( 20 - 40 samples minimum)
B14: 3) Linearity (Verification of Analytical Measurement Interval, See Linearity Tab)
B15: 4) On recommendation from biochemist - Reference Interval Verification (See Corresponding Tab)
A16: Additional studies (if any) include the following:
B17: 5)
B18: 6)
B19: 7)
B20: 8)
A24: Hospital Site:
A25: Performed by (MLT):
A26: Date Submitted:

Sheet Accuracy
B1: Accuracy by Method Comparison Study
A2: New Test Method: (Analyte + Instrument) | B2: New Method: | C2: ='Method Summary'!C3&" "&'Method Summary'!C4 -> Creatinine Atellica CI | D2: Matrix: | E2: ='Method Summary'!E3 -> Urine and Serum | F2: Collection Container(s): | G2: ='Method Summary'!G3 -> Serum, lithium heparin plasma, dipotassium EDTA plasma, sodium heparin plasma, urine
A3: Primary Reference Method: (This is the current method that you are verifying/validating the new method against) | B3: Current Method: | C3: Creatinine2 Atellica CI | D3: Matrix: | E3: Urine | F3: Collection Container(s):
A5: Instructions
C7: Please use 40 (20 serum + 20 urine) samples that span the measurement interval (AMI) | I7: Pass Criteria: Use orthoglonal or non-parametric regression model to assess the correlation. Pearson R > 0.90 and median bias should be within allowable performance limits (APL). Allowable performance limits from: Review - Proficiency Testing Precision Goals and Allowable Performance Limits for Chemistry and Hematology. Revision date: 2022-05-10.
B8: a. | C8: Please ensure the instrument is ready to report in SI units, regardless of how final reporting will be done.
B9: b. | C9: Ensure the lower end of the AMI is set to 0
B10: b. | C10: Ensure QC has passed for the day and instrument is in working order.
B11: c. | C11: Run equal number of patient samples over the course of 5 days on the Test Method and Reference Method
B12: d. | C12: Jot down the results table below. Note if matrix is serum (S) or urine (U)
B13: Note: | C13: If calibrator or reagent lot number changes during course of study, please make note of this.
B17: Matrix (U/S/P/W) | C17: Sample No. | D17: Sample ID | E17: Current Method | F17: New Method | G17: Tube Type (e.g. SST/PST) | H17: Day
B18: S | C18: 1 | D18: 29503976 | E18: 1.233 | F18: 1.208 | G18: PST | H18: 1
B19: S | C19: 2 | D19: 29503975 | E19: 1.089 | F19: 1.043 | G19: PST | H19: 1
B20: S | C20: 3 | D20: 29503974 | E20: 1.754 | F20: 1.705 | G20: PST | H20: 1
B21: S | C21: 4 | D21: 29118636 | E21: 2.315 | F21: 2.265 | G21: PST | H21: 1
B22: S | C22: 5 | D22: 29118635 | E22: 1.185 | F22: 1.157 | G22: PST | H22: 1
B23: S | C23: 6 | D23: 29118634 | E23: 1.087 | F23: 1.035 | G23: PST | H23: 2
B24: S | C24: 7 | D24: 29118633 | E24: 1.701 | F24: 1.719 | G24: PST | H24: 2
B25: S | C25: 8 | D25: 29118632 | E25: 0.74 | F25: 0.729 | G25: PST | H25: 2
B26: S | C26: 9 | D26: 29118631 | E26: 0.534 | F26: 0.599 | G26: PST | H26: 2
B27: S | C27: 10 | D27: 29118630 | E27: 2.197 | F27: 2.145 | G27: PST | H27: 2
B28: S | C28: 11 | D28: 29028183 | E28: 1.127 | F28: 1.108 | G28: PST | H28: 3
B29: S | C29: 12 | D29: 29028182 | E29: 0.994 | F29: 1.004 | G29: PST | H29: 3
... B42: S | C42: 25 | D42: 29503978 | E42: 1.751 | F42: 1.679 | G42: PST | H42: 5
B43: U | C43: 26 | H43: 5
B44: U | C44: 27 | H44: 5
B45: U | C45: 28 | H45: 5
B46: U | C46: 29 | H46: 5
B47: U | C47: 30 | H47: 5
B48: U | C48: 31 | H48: 5
B49: U | C49: 32 | H49: 5
B50: U | C50: 33 | H50: 5
B51: U | C51: 34 | H51: 5
B52: U | C52: 35 | H52: 5
B53: U | C53: 36 | H53: 5
B54: U | C54: 37 | H54: 5
... B57: U | C57: 40 | H57: 5

Sheet Precision
B1: Precision Studies with QC Materials
A2: Matrix | B2: ='Method Summary'!E3 -> Urine and Serum
A3: Unit of Measure: | B3: ='Method Summary'!C8 -> umol/L
A4: Instructions for Precision Studies
A5: a. | B5: For each level of QC please input the data in the tables below:
A6: b. | B6: For each day, run each level of QC across 2 runs, each run in duplicate.
B7: One in the morning (Run 1) with duplicate measures & and another in PM (Run 2).
A8: Note: | B8: Please note calibrator or QC lot number changes or other concerns in the comment column
A10: Reagent Lot #: | G10: Pass Criteria: Total CV or SD less than, or equal to precision goals from Review - Proficiency Testing Precision Goals and Allowable Performance Limits for Chemistry and Hematology. Revision date: 2022-05-10.
A11: Calibrator Lot #:
A12: QC Lot Level 1
A13: QC Lot Level 2
A14: QC Lot Level 3
A15: QC Lot Level 4
B17: Level 1 - Serum | J17: Level 2 - Serum | S17: Level 1 - Urine | AA17: Level 2 - Urine
A18: Date | B18: Day | C18: Run | D18: Replicate | E18: Date | F18: Result | G18: QC Lot# | H18: Comments | J18: Day | K18: Run | L18: Replicate | M18: Date | N18: Result | O18: QC Lot# | P18: Comments | R18: Date | S18: Day | T18: Run | U18: Replicate | V18: Date | W18: Result | X18: QC Lot# | Y18: Comments | AA18: Day | AB18: Run | AC18: Replicate | AD18: Date | AE18: Result | AF18: QC Lot# | AG18: Comments
B19: =INT((ROW()-23)/4)+1 -> 0 | C19: 1 | D19: 1 | J19: =INT((ROW()-23)/4)+1 -> 0 | K19: 1 | L19: 1 | S19: =INT((ROW()-23)/4)+1 -> 0 | T19: 1 | U19: 1 | AA19: =INT((ROW()-23)/4)+1 -> 0 | AB19: 1 | AC19: 1
B20: =INT((ROW()-23)/4)+1 -> 0 | C20: 1 | D20: 2 | J20: =INT((ROW()-23)/4)+1 -> 0 | K20: 1 | L20: 2 | S20: =INT((ROW()-23)/4)+1 -> 0 | T20: 1 | U20: 2 | AA20: =INT((ROW()-23)/4)+1 -> 0 | AB20: 1 | AC20: 2
B21: =INT((ROW()-23)/4)+1 -> 0 | C21: 2 | D21: 1 | J21: =INT((ROW()-23)/4)+1 -> 0 | K21: 2 | L21: 1 | S21: =INT((ROW()-23)/4)+1 -> 0 | T21: 2 | U21: 1 | AA21: =INT((ROW()-23)/4)+1 -> 0 | AB21: 2 | AC21: 1
B22: =INT((ROW()-23)/4)+1 -> 0 | C22: 2 | D22: 2 | J22: =INT((ROW()-23)/4)+1 -> 0 | K22: 2 | L22: 2 | S22: =INT((ROW()-23)/4)+1 -> 0 | T22: 2 | U22: 2 | AA22: =INT((ROW()-23)/4)+1 -> 0 | AB22: 2 | AC22: 2
B23: =INT((ROW()-23)/4)+1 -> 1 | C23: 1 | D23: 1 | J23: =INT((ROW()-23)/4)+1 -> 1 | K23: 1 | L23: 1 | S23: =INT((ROW()-23)/4)+1 -> 1 | T23: 1 | U23: 1 | AA23: =INT((ROW()-23)/4)+1 -> 1 | AB23: 1 | AC23: 1
B24: =INT((ROW()-23)/4)+1 -> 1 | C24: 1 | D24: 2 | J24: =INT((ROW()-23)/4)+1 -> 1 | K24: 1 | L24: 2 | S24: =INT((ROW()-23)/4)+1 -> 1 | T24: 1 | U24: 2 | AA24: =INT((ROW()-23)/4)+1 -> 1 | AB24: 1 | AC24: 2
B25: =INT((ROW()-23)/4)+1 -> 1 | C25: 2 | D25: 1 | J25: =INT((ROW()-23)/4)+1 -> 1 | K25: 2 | L25: 1 | S25: =INT((ROW()-23)/4)+1 -> 1 | T25: 2 | U25: 1 | AA25: =INT((ROW()-23)/4)+1 -> 1 | AB25: 2 | AC25: 1
B26: =INT((ROW()-23)/4)+1 -> 1 | C26: 2 | D26: 2 | J26: =INT((ROW()-23)/4)+1 -> 1 | K26: 2 | L26: 2 | S26: =INT((ROW()-23)/4)+1 -> 1 | T26: 2 | U26: 2 | AA26: =INT((ROW()-23)/4)+1 -> 1 | AB26: 2 | AC26: 2
B27: =INT((ROW()-23)/4)+1 -> 2 | C27: 1 | D27: 1 | J27: =INT((ROW()-23)/4)+1 -> 2 | K27: 1 | L27: 1 | S27: =INT((ROW()-23)/4)+1 -> 2 | T27: 1 | U27: 1 | AA27: =INT((ROW()-23)/4)+1 -> 2 | AB27: 1 | AC27: 1
B28: =INT((ROW()-23)/4)+1 -> 2 | C28: 1 | D28: 2 | J28: =INT((ROW()-23)/4)+1 -> 2 | K28: 1 | L28: 2 | S28: =INT((ROW()-23)/4)+1 -> 2 | T28: 1 | U28: 2 | AA28: =INT((ROW()-23)/4)+1 -> 2 | AB28: 1 | AC28: 2
B29: =INT((ROW()-23)/4)+1 -> 2 | C29: 2 | D29: 1 | J29: =INT((ROW()-23)/4)+1 -> 2 | K29: 2 | L29: 1 | S29: =INT((ROW()-23)/4)+1 -> 2 | T29: 2 | U29: 1 | AA29: =INT((ROW()-23)/4)+1 -> 2 | AB29: 2 | AC29: 1
B30: =INT((ROW()-23)/4)+1 -> 2 | C30: 2 | D30: 2 | J30: =INT((ROW()-23)/4)+1 -> 2 | K30: 2 | L30: 2 | S30: =INT((ROW()-23)/4)+1 -> 2 | T30: 2 | U30: 2 | AA30: =INT((ROW()-23)/4)+1 -> 2 | AB30: 2 | AC30: 2
... B138: =INT((ROW()-23)/4)+1 -> 29 | C138: 2 | D138: 2 | J138: =INT((ROW()-23)/4)+1 -> 29 | K138: 2 | L138: 2 | S138: =INT((ROW()-23)/4)+1 -> 29 | T138: 2 | U138: 2 | AA138: =INT((ROW()-23)/4)+1 -> 29 | AB138: 2 | AC138: 2

Sheet Linearity, Sr
A1: Linearity Study
A2: Unit of Measure: | B2: ='Method Summary'!C8 -> umol/L | H2: Pass Criteria: Use ordinary least square regression, orthoglonal or non-parametric regression model to assess the correlation. Pearson R > 0.90 and expected differences should be within allowable performance limits (APL). Analytical Measurement Interval (AMI) verified is the minimum and maximum range of levels examined + error associated at the lower and upper limits. Allowable performance limits from: Review - Proficiency Testing Precision Goals and Allowable Performance Limits for Chemistry and Hematology. Revision date: 2022-05-10.
A3: Matrix: | B3: Serum
A5: Package Insert AMI:
A6: Extended AMI (from insert):
A7: Name of Linearity Material:
A8: Lot# :
A9: Company (e.g. CAP, Maine):
A10: NOTE: | B10: If no linearity material is commercially available, one can use a high patient pool with dilution studies.
A12: Instructions: | B12: Follow manufacturer instructions. Generally expect 3 replicates per level.
B13: If available, provide the expected mean and/or range from the manufacturer
A15: Levels | B15: Replicate | C15: Measured Result | D15: Average | E15: Expected Result | F15: Expected Range
A16: Level 1 | B16: 1 | D16: =AVERAGE(C16:C18) -> #DIV/0!
A17: Level 1 | B17: 2
A18: Level 1 | B18: 3
A19: Level 2 | B19: 1 | D19: =AVERAGE(C19:C21) -> #DIV/0!
A20: Level 2 | B20: 2
A21: Level 2 | B21: 3
A22: Level 3 | B22: 1 | D22: =AVERAGE(C22:C24) -> #DIV/0!
A23: Level 3 | B23: 2
A24: Level 3 | B24: 3
A25: Level 4 | B25: 1 | D25: =AVERAGE(C25:C27) -> #DIV/0!
A26: Level 4 | B26: 2
A27: Level 4 | B27: 3
A28: Level 5 | B28: 1 | D28: =AVERAGE(C28:C30) -> #DIV/0!
A29: Level 5 | B29: 2
A30: Level 5 | B30: 3

Sheet Linearity, Ur
A1: Linearity Study
A2: Unit of Measure: | B2: ='Method Summary'!C8 -> umol/L | H2: Pass Criteria: Use ordinary least square regression, orthoglonal or non-parametric regression model to assess the correlation. Pearson R > 0.90 and expected differences should be within allowable performance limits (APL). Analytical Measurement Interval (AMI) verified is the minimum and maximum range of levels examined + error associated at the lower and upper limits. Allowable performance limits from: Review - Proficiency Testing Precision Goals and Allowable Performance Limits for Chemistry and Hematology. Revision date: 2022-05-10.
A3: Matrix: | B3: Urine
A5: Package Insert AMI:
A6: Extended AMI (from insert):
A7: Name of Linearity Material:
A8: Lot# :
A9: Company (e.g. CAP, Maine):
A10: NOTE: | B10: If no linearity material is commercially available, one can use a high patient pool with dilution studies.
A12: Instructions: | B12: Follow manufacturer instructions. Generally expect 3 replicates per level.
B13: If available, provide the expected mean and/or range from the manufacturer
A15: Levels | B15: Replicate | C15: Measured Result | D15: Average | E15: Expected Result | F15: Expected Range
A16: Level 1 | B16: 1 | D16: =AVERAGE(C16:C18) -> #DIV/0!
A17: Level 1 | B17: 2
A18: Level 1 | B18: 3
A19: Level 2 | B19: 1 | D19: =AVERAGE(C19:C21) -> #DIV/0!
A20: Level 2 | B20: 2
A21: Level 2 | B21: 3
A22: Level 3 | B22: 1 | D22: =AVERAGE(C22:C24) -> #DIV/0!
A23: Level 3 | B23: 2
A24: Level 3 | B24: 3
A25: Level 4 | B25: 1 | D25: =AVERAGE(C25:C27) -> #DIV/0!
A26: Level 4 | B26: 2
A27: Level 4 | B27: 3
A28: Level 5 | B28: 1 | D28: =AVERAGE(C28:C30) -> #DIV/0!
A29: Level 5 | B29: 2
A30: Level 5 | B30: 3

Sheet Reference Interval
B1: Reference Interval Verification
A2: Matrix: | B2: ='Method Summary'!E3 -> Urine and Serum
A3: Unit of Measure: | B3: ='Method Summary'!C8 -> umol/L
A6: Current RI:
A7: Current Source of RI:
A8: Proposed RI:
A9: Proposed Source of RI:
A11: Refernece Interval (RI) Verification Method:
A12: 1. Transference via Method Equivalence
A13: 2. Verification by 20 - 40 Ostensibily Health Individuals
A14: 3. Therapeutic interval from clinical input
A15: 4. Therapeutic interval from manufacturer
A16: 5. Other (Explain)
B17: Pass Criteria: At least 90% of the reference individuals are within the proposed reference limits in the absence of method equivalence.
B21: Healthy Individual # | C21: Gender (M/F) | D21: Age | E21: Result | F21: Bacrode | G21: Other ID
B22: 1
B23: 2
B24: 3
B25: 4
B26: 5
B27: 6
B28: 7
B29: 8
B30: 9
B31: 10
B32: 11
B33: 12
... B61: 40

Sheet Carryover
A1: ="Verification of " &B2& " on " &B3 -> Verification of Creatinine on Atellica CI
A2: Analytes: | B2: ='Method Summary'!C3 -> Creatinine
A3: Instrument: | B3: ='Method Summary'!C4 -> Atellica CI
A4: Instrument S/N: | B4: ='Method Summary'!C5 -> 0
A6: Unit of Measure: | B6: ='Method Summary'!C8 -> umol/L
A7: Matrix: | B7: ='Method Summary'!E3 -> Urine and Serum
A9: Package Insert AMI:
A10: Extended AMI (from insert):
A11: Name of Linearity Material:
A12: Lot# :
A13: Company (e.g. CAP, Maine):
A14: If no linearity material is available commercially, one can use a high patient pool.
A16: Sample (Urine/serum) Carryover Instructions
A18: a. Prepare High Pool (ideally urine sample).
A19: b. Prepare Low sample Pool (ideal serum matrix <110 umol/L), this will be called sampled L.
A20: c. Load the samples in the order listed below and record results as indicated below.
B22: # | C22: Sample | D22: Result | E22: Low-Low | F22: High-Low
B23: 1 | C23: L | D23: 255
B24: 2 | C24: L | D24: 255
B25: 3 | C25: L | D25: 251
B26: 4 | C26: H | D26: 764
B27: 5 | C27: H | D27: 762
B28: 6 | C28: L | D28: 252
B29: 7 | C29: L | D29: 255
B30: 8 | C30: H | D30: 765
B31: 9 | C31: H | D31: 765
B32: 10 | C32: L | D32: 254
B33: 11 | C33: L | D33: 253
B34: 12 | C34: L | D34: 254
... B42: 20 | C42: L | D42: 254
D43: Mean
D44: SD
D45: Carry-Over
