Workbook

Sheet Method Comparison
A1: ="Verification of " &B2& " on " &B3 -> Verification of NT-proBNP on Vitros 5600
A2: Analyte: | B2: NT-proBNP
A3: Instrument: | B3: Vitros 5600
A4: Instrument S/N: | B4: 1290353
A5: Purpose: | B5: This method serves to bringing in-house BNP testing for heart failure assessments
A7: Unit of Measure: | B7: ng/L
A9: The complete evaluation consists of:
A10: 1) | B10: Precision Studies over 20 days, Running Each Level Duplicates, Across 2 Runs; Total 80 points
A11: 2) | B11: Accuracy by Method Comparison ( 20 - 40 samples minimum)
A12: 3) | B12: Linearity (See Corresponding Tab)
A13: 4) | B13: Reference Interval Verification (See Corresponding Tab) - only on recommendation from biochemist
A14: Additional Studies Include:
A19: Accuracy by Method Comparison
A20: Test Method 1: | B20: Vitros 5600
A21: Principle
A22: Reagent Lot #: | B22: #032200
A23: Calibrator Lot #: | B23: #0132
A26: Primary Reference Method: | B26: Abbott Alinity i
A27: Principle
A28: Reagent Lot# (If available from Ref Lab)
A29: Calibrator Lot# (If available from Ref Lab)
A33: Instructions
B34: Part 1
C35: Please use 20 serum (SST) and 20 EDTA plasma samples
B36: a. | C36: Please ensure the instrument is ready to report in SI units
B37: b. | C37: Ensure the lower end of the AMR is set to 0
B38: b. | C38: Ensure QC has passed for the day and instrument is in working order.
B39: c. | C39: Run equal number of patient samples over the course of 5 days on the Test Method and Reference Method
B40: d. | C40: Jot down the results table below.
B41: Note: | C41: If calibrator or reagent lot number changes during course of study, please make note of this in the comment column
A44: Matrix (U/S) | B44: Sample No. | C44: Sample ID | D44: Primary Refence Method Result | E44: Test Method Result | F44: Tube Type (e.g. SST/EDTA) | G44: Day | H44: Comments
A45: S | B45: 1 | C45: 13212 | D45: 1485.1 | E45: 1710 | F45: SST | G45: 1
A46: S | B46: 2 | C46: 13213 | D46: 855.2 | E46: 881 | F46: SST | G46: 1
A47: S | B47: 3 | C47: 13214 | D47: 9964 | E47: 10200 | F47: SST | G47: 1
A48: S | B48: 4 | C48: 13215 | D48: 13204.8 | E48: 12700 | F48: SST | G48: 1
A49: S | B49: 5 | C49: 13216 | D49: 4948.7 | E49: 4690 | F49: SST | G49: 1
A50: S | B50: 6 | C50: 13217 | D50: 11622.3 | E50: 10900 | F50: SST | G50: 1
A51: S | B51: 7 | C51: 13218 | D51: 8807.8 | E51: 7860 | F51: SST | G51: 1
A52: S | B52: 8 | C52: 13219 | D52: 2996.8 | E52: 3150 | F52: SST | G52: 1
A53: S | B53: 9 | C53: 13220 | D53: 5692.5 | E53: 5910 | F53: SST | G53: 1
A54: S | B54: 10 | C54: 13221 | D54: 2050.8 | E54: 2310 | F54: SST | G54: 1
A55: S | B55: 11 | C55: 13222 | D55: 536.5 | E55: 509 | F55: SST | G55: 1
A56: S | B56: 12 | C56: 13223 | D56: 5438.5 | E56: 5890 | F56: SST | G56: 2
... A84: S | B84: 40 | C84: 13251 | D84: 2241.8 | E84: 2310 | F84: SST | G84: 5

Sheet Precision
A1: ="Verification of " &B2& " on " &B3 -> Verification of NT-proBNP on Vitros 5600
A2: Analytes: | B2: ='Method Comparison'!B2 -> NT-proBNP
A3: Instrument: | B3: ='Method Comparison'!B3 -> Vitros 5600
A4: Instrument S/N: | B4: ='Method Comparison'!B4 -> 1290353
A5: Purpose: | B5: ='Method Comparison'!B5:F5 -> This method serves to bringing in-house BNP testing for heart failure assessments
A6: Matrix | B6: Serum
A7: Unit of Measure: | B7: ='Method Comparison'!B7 -> ng/L
B8: Instructions for Precision Studies
A10: Reagent Lot #: | B10: 32200
A11: Calibrator Lot #:
A12: QC Lot Level 1
A13: QC Lot Level 3
A14: QC Lot Level 4
A15: QC Lot Level 4 | B15: N/A
A16: a. | B16: Perform assay calibration on the first day. For each day, run each level of QC across 2 runs, each run in duplicate.
A17: b. | B17: One run ideally in the morning (Run 1) with duplicate measurements & and another in PM (Run 2).
A18: c. | B18: Indicate any calibration. Ensure there is no change in QC Lot# throughout this study.
A19: Note: | B19: Please note calibrator, reagent, or QC lot number changes
B20: Level 1 | I20: Level 3 | P20: Level 4
B21: Day | C21: Run | D21: Replicate | E21: Date | F21: Result | G21: Calibration(Y/N) | I21: Day | J21: Run | K21: Replicate | L21: Date | M21: Result | N21: Calibration(Y/N) | P21: Day | Q21: Run | R21: Replicate | S21: Date | T21: Result | U21: Calibration(Y/N)
B22: =INT((ROW()-22)/4)+1 -> 1 | C22: 1 | D22: 1 | E22: 14/1/26 | F22: 101 | G22: N | I22: 1 | J22: 1 | K22: 1 | L22: 14/1/26 | M22: 272 | N22: N | P22: 1 | Q22: 1 | R22: 1 | S22: 14/1/26 | T22: 4640 | U22: N
B23: =INT((ROW()-22)/4)+1 -> 1 | C23: 1 | D23: 2 | E23: 14/1/26 | F23: 104 | G23: N | I23: 1 | J23: 1 | K23: 2 | L23: 14/1/26 | M23: 277 | N23: N | P23: 1 | Q23: 1 | R23: 2 | S23: 14/1/26 | T23: 4690 | U23: N
B24: =INT((ROW()-22)/4)+1 -> 1 | C24: 2 | D24: 1 | E24: 14/1/26 | F24: 99.7 | G24: N | I24: 1 | J24: 2 | K24: 1 | L24: 14/1/26 | M24: 265 | N24: N | P24: 1 | Q24: 2 | R24: 1 | S24: 14/1/26 | T24: 4580 | U24: N
B25: =INT((ROW()-22)/4)+1 -> 1 | C25: 2 | D25: 2 | E25: 14/1/26 | F25: 101 | G25: N | I25: 1 | J25: 2 | K25: 2 | L25: 14/1/26 | M25: 271 | N25: N | P25: 1 | Q25: 2 | R25: 2 | S25: 14/1/26 | T25: 4680 | U25: N
B26: =INT((ROW()-22)/4)+1 -> 2 | C26: 1 | D26: 1 | E26: 15/1/26 | F26: 104 | G26: N | I26: 2 | J26: 1 | K26: 1 | L26: 15/1/26 | M26: 278 | N26: N | P26: 2 | Q26: 1 | R26: 1 | S26: 15/1/26 | T26: 4610 | U26: N
B27: =INT((ROW()-22)/4)+1 -> 2 | C27: 1 | D27: 2 | E27: 15/1/26 | F27: 102 | G27: N | I27: 2 | J27: 1 | K27: 2 | L27: 15/1/26 | M27: 266 | N27: N | P27: 2 | Q27: 1 | R27: 2 | S27: 15/1/26 | T27: 4700 | U27: N
B28: =INT((ROW()-22)/4)+1 -> 2 | C28: 2 | D28: 1 | E28: 15/1/26 | F28: 104 | G28: N | I28: 2 | J28: 2 | K28: 1 | L28: 15/1/26 | M28: 273 | N28: N | P28: 2 | Q28: 2 | R28: 1 | S28: 15/1/26 | T28: 4690 | U28: N
B29: =INT((ROW()-22)/4)+1 -> 2 | C29: 2 | D29: 2 | E29: 15/1/26 | F29: 102 | G29: N | I29: 2 | J29: 2 | K29: 2 | L29: 15/1/26 | M29: 278 | N29: N | P29: 2 | Q29: 2 | R29: 2 | S29: 15/1/26 | T29: 4710 | U29: N
B30: =INT((ROW()-22)/4)+1 -> 3 | C30: 1 | D30: 1 | E30: 16/1/26 | F30: 102 | G30: N | I30: 3 | J30: 1 | K30: 1 | L30: 16/1/26 | M30: 272 | N30: N | P30: 3 | Q30: 1 | R30: 1 | S30: 16/1/26 | T30: 4710 | U30: N
B31: =INT((ROW()-22)/4)+1 -> 3 | C31: 1 | D31: 2 | E31: 16/1/26 | F31: 100 | G31: N | I31: 3 | J31: 1 | K31: 2 | L31: 16/1/26 | M31: 276 | N31: N | P31: 3 | Q31: 1 | R31: 2 | S31: 16/1/26 | T31: 4710 | U31: N
B32: =INT((ROW()-22)/4)+1 -> 3 | C32: 2 | D32: 1 | E32: 16/1/26 | F32: 106 | G32: N | I32: 3 | J32: 2 | K32: 1 | L32: 16/1/26 | M32: 279 | N32: N | P32: 3 | Q32: 2 | R32: 1 | S32: 16/1/26 | T32: 4730 | U32: N
B33: =INT((ROW()-22)/4)+1 -> 3 | C33: 2 | D33: 2 | E33: 16/1/26 | F33: 103 | G33: N | I33: 3 | J33: 2 | K33: 2 | L33: 16/1/26 | M33: 277 | N33: N | P33: 3 | Q33: 2 | R33: 2 | S33: 16/1/26 | T33: 4630 | U33: N
... B61: =INT((ROW()-22)/4)+1 -> 10 | C61: 2 | D61: 2 | E61: 23/1/26 | F61: 105 | G61: N | I61: 10 | J61: 2 | K61: 2 | L61: 23/1/26 | M61: 274 | N61: N | P61: 10 | Q61: 2 | R61: 2 | S61: 23/1/26 | T61: 4710 | U61: N
B62: =INT((ROW()-22)/4)+1 -> 11 | C62: 1 | D62: 1 | E62: 46328 | F62: 102 | G62: Y new lot# 032250 | I62: 11 | J62: 1 | K62: 1 | L62: 46328 | M62: 269 | N62: Y new lot# 032250 | P62: 11 | Q62: 1 | R62: 1 | S62: 46328 | T62: 4580 | U62: Y new lot# 032250
B63: =INT((ROW()-22)/4)+1 -> 11 | C63: 1 | D63: 2 | E63: 46328 | F63: 100 | G63: Y new lot# 032250 | I63: 11 | J63: 1 | K63: 2 | L63: 46328 | M63: 273 | N63: Y new lot# 032250 | P63: 11 | Q63: 1 | R63: 2 | S63: 46328 | T63: 4710 | U63: Y new lot# 032250
B64: =INT((ROW()-22)/4)+1 -> 11 | C64: 2 | D64: 1 | E64: 46358 | F64: 99 | G64: N | I64: 11 | J64: 2 | K64: 1 | L64: 46358 | M64: 269 | N64: N | P64: 11 | Q64: 2 | R64: 1 | S64: 46358 | T64: 4750 | U64: N
B65: =INT((ROW()-22)/4)+1 -> 11 | C65: 2 | D65: 2 | E65: 46358 | F65: 99 | G65: N | I65: 11 | J65: 2 | K65: 2 | L65: 46358 | M65: 270 | N65: N | P65: 11 | Q65: 2 | R65: 2 | S65: 46358 | T65: 4690 | U65: N
B66: =INT((ROW()-22)/4)+1 -> 12 | C66: 1 | D66: 1 | E66: 15/2/26 | F66: 99 | G66: N | I66: 12 | J66: 1 | K66: 1 | L66: 15/2/26 | M66: 260 | N66: N | P66: 12 | Q66: 1 | R66: 1 | S66: 15/2/26 | T66: 4640 | U66: N
B67: =INT((ROW()-22)/4)+1 -> 12 | C67: 1 | D67: 2 | E67: 15/2/26 | F67: 98.5 | G67: N | I67: 12 | J67: 1 | K67: 2 | L67: 15/2/26 | M67: 267 | N67: N | P67: 12 | Q67: 1 | R67: 2 | S67: 15/2/26 | T67: 4630 | U67: N
B68: =INT((ROW()-22)/4)+1 -> 12 | C68: 2 | D68: 1 | E68: 16/2/26 | F68: 103 | G68: N | I68: 12 | J68: 2 | K68: 1 | L68: 16/2/26 | M68: 270 | N68: N | P68: 12 | Q68: 2 | R68: 1 | S68: 16/2/26 | T68: 4650 | U68: N
B69: =INT((ROW()-22)/4)+1 -> 12 | C69: 2 | D69: 2 | E69: 16/2/26 | F69: 102 | G69: N | I69: 12 | J69: 2 | K69: 2 | L69: 16/2/26 | M69: 272 | N69: N | P69: 12 | Q69: 2 | R69: 2 | S69: 16/2/26 | T69: 4740 | U69: N
B70: =INT((ROW()-22)/4)+1 -> 13 | C70: 1 | D70: 1 | E70: 19/2/26 | F70: 106 | G70: N | I70: 13 | J70: 1 | K70: 1 | L70: 19/2/26 | M70: 267 | N70: N | P70: 13 | Q70: 1 | R70: 1 | S70: 19/2/26 | T70: 4630 | U70: N
B71: =INT((ROW()-22)/4)+1 -> 13 | C71: 1 | D71: 2 | E71: 19/2/26 | F71: 103 | G71: N | I71: 13 | J71: 1 | K71: 2 | L71: 19/2/26 | M71: 266 | N71: N | P71: 13 | Q71: 1 | R71: 2 | S71: 19/2/26 | T71: 4720 | U71: N
B72: =INT((ROW()-22)/4)+1 -> 13 | C72: 2 | D72: 1 | E72: 19/2/26 | F72: 105 | G72: N | I72: 13 | J72: 2 | K72: 1 | L72: 19/2/26 | M72: 281 | N72: N | P72: 13 | Q72: 2 | R72: 1 | S72: 19/2/26 | T72: 4800 | U72: N
B73: =INT((ROW()-22)/4)+1 -> 13 | C73: 2 | D73: 2 | E73: 19/2/26 | F73: 109 | G73: N | I73: 13 | J73: 2 | K73: 2 | L73: 19/2/26 | M73: 278 | N73: N | P73: 13 | Q73: 2 | R73: 2 | S73: 19/2/26 | T73: 4750 | U73: N
B74: =INT((ROW()-22)/4)+1 -> 14 | C74: 1 | D74: 1 | E74: 20/2/26 | F74: 106 | G74: N | I74: 14 | J74: 1 | K74: 1 | L74: 20/2/26 | M74: 266 | N74: N | P74: 14 | Q74: 1 | R74: 1 | S74: 20/2/26 | T74: 4740 | U74: N
B75: =INT((ROW()-22)/4)+1 -> 14 | C75: 1 | D75: 2 | E75: 20/2/26 | F75: 104 | G75: N | I75: 14 | J75: 1 | K75: 2 | L75: 20/2/26 | M75: 274 | N75: N | P75: 14 | Q75: 1 | R75: 2 | S75: 20/2/26 | T75: 4790 | U75: N
B76: =INT((ROW()-22)/4)+1 -> 14 | C76: 2 | D76: 1 | E76: 20/2/26 | F76: 106 | G76: N | I76: 14 | J76: 2 | K76: 1 | L76: 20/2/26 | M76: 269 | N76: N | P76: 14 | Q76: 2 | R76: 1 | S76: 20/2/26 | T76: 4810 | U76: N
B77: =INT((ROW()-22)/4)+1 -> 14 | C77: 2 | D77: 2 | E77: 20/2/26 | F77: 104 | G77: N | I77: 14 | J77: 2 | K77: 2 | L77: 20/2/26 | M77: 276 | N77: N | P77: 14 | Q77: 2 | R77: 2 | S77: 20/2/26 | T77: 4710 | U77: N
... B90: =INT((ROW()-22)/4)+1 -> 18 | C90: 1 | D90: 1 | E90: 24/2/26 | F90: 106 | G90: N | I90: 18 | J90: 1 | K90: 1 | L90: 24/2/26 | M90: 281 | N90: N | P90: 18 | Q90: 1 | R90: 1 | S90: 24/2/26 | T90: 4860 | U90: N
B91: =INT((ROW()-22)/4)+1 -> 18 | C91: 1 | D91: 2 | E91: 24/2/26 | F91: 105 | G91: N | I91: 18 | J91: 1 | K91: 2 | L91: 24/2/26 | M91: 282 | N91: N | P91: 18 | Q91: 1 | R91: 2 | S91: 24/2/26 | T91: 4860
B92: =INT((ROW()-22)/4)+1 -> 18 | C92: 2 | D92: 1 | E92: 24/2/26 | F92: 105 | G92: N | I92: 18 | J92: 2 | K92: 1 | L92: 24/2/26 | M92: 272 | N92: N | P92: 18 | Q92: 2 | R92: 1 | S92: 24/2/26 | T92: 4790 | U92: N
B93: =INT((ROW()-22)/4)+1 -> 18 | C93: 2 | D93: 2 | E93: 24/2/26 | F93: 102 | G93: N | I93: 18 | J93: 2 | K93: 2 | L93: 24/2/26 | M93: 278 | N93: N | P93: 18 | Q93: 2 | R93: 2 | S93: 24/2/26 | T93: 4730 | U93: N
B94: =INT((ROW()-22)/4)+1 -> 19 | C94: 1 | D94: 1 | E94: 25/2/26 | F94: 103 | G94: N | I94: 19 | J94: 1 | K94: 1 | L94: 25/2/26 | M94: 274 | N94: N | P94: 19 | Q94: 1 | R94: 1 | S94: 25/2/26 | T94: 4780 | U94: N
B95: =INT((ROW()-22)/4)+1 -> 19 | C95: 1 | D95: 2 | E95: 25/2/26 | F95: 107 | G95: N | I95: 19 | J95: 1 | K95: 2 | L95: 25/2/26 | M95: 274 | N95: N | P95: 19 | Q95: 1 | R95: 2 | S95: 25/2/26 | T95: 4770 | U95: N
B96: =INT((ROW()-22)/4)+1 -> 19 | C96: 2 | D96: 1 | E96: 25/2/26 | F96: 102 | G96: N | I96: 19 | J96: 2 | K96: 1 | L96: 25/2/26 | M96: 280 | N96: N | P96: 19 | Q96: 2 | R96: 1 | S96: 25/2/26 | T96: 4890 | U96: N
B97: =INT((ROW()-22)/4)+1 -> 19 | C97: 2 | D97: 2 | E97: 25/2/26 | F97: 106 | G97: N | I97: 19 | J97: 2 | K97: 2 | L97: 25/2/26 | M97: 274 | N97: N | P97: 19 | Q97: 2 | R97: 2 | S97: 25/2/26 | T97: 4800 | U97: N
B98: =INT((ROW()-22)/4)+1 -> 20 | C98: 1 | D98: 1 | E98: 26/2/26 | F98: 101 | G98: N | I98: 20 | J98: 1 | K98: 1 | L98: 26/2/26 | M98: 270 | N98: N | P98: 20 | Q98: 1 | R98: 1 | S98: 26/2/26 | T98: 4940 | U98: N
B99: =INT((ROW()-22)/4)+1 -> 20 | C99: 1 | D99: 2 | E99: 26/2/26 | F99: 102 | G99: N | I99: 20 | J99: 1 | K99: 2 | L99: 26/2/26 | M99: 273 | N99: N | P99: 20 | Q99: 1 | R99: 2 | S99: 26/2/26 | T99: 4810 | U99: N
B100: =INT((ROW()-22)/4)+1 -> 20 | C100: 2 | D100: 1 | E100: 26/2/26 | F100: 106 | G100: N | I100: 20 | J100: 2 | K100: 1 | L100: 26/2/26 | M100: 283 | N100: N | P100: 20 | Q100: 2 | R100: 1 | S100: 26/2/26 | T100: 4870 | U100: N
B101: =INT((ROW()-22)/4)+1 -> 20 | C101: 2 | D101: 2 | E101: 26/2/26 | F101: 108 | G101: N | I101: 20 | J101: 2 | K101: 2 | L101: 26/2/26 | M101: 281 | N101: N | P101: 20 | Q101: 2 | R101: 2 | S101: 26/2/26 | T101: 4830 | U101: N
B102: =INT((ROW()-22)/4)+1 -> 21 | C102: 1 | D102: 1 | I102: 21 | J102: 1 | K102: 1 | P102: 21 | Q102: 1 | R102: 1
B103: =INT((ROW()-22)/4)+1 -> 21 | C103: 1 | D103: 2 | I103: 21 | J103: 1 | K103: 2 | P103: 21 | Q103: 1 | R103: 2
B104: =INT((ROW()-22)/4)+1 -> 21 | C104: 2 | D104: 1 | I104: 21 | J104: 2 | K104: 1 | P104: 21 | Q104: 2 | R104: 1
B105: =INT((ROW()-22)/4)+1 -> 21 | C105: 2 | D105: 2 | I105: 21 | J105: 2 | K105: 2 | P105: 21 | Q105: 2 | R105: 2
B106: =INT((ROW()-22)/4)+1 -> 22 | C106: 1 | D106: 1 | I106: 22 | J106: 1 | K106: 1 | P106: 22 | Q106: 1 | R106: 1
B107: =INT((ROW()-22)/4)+1 -> 22 | C107: 1 | D107: 2 | I107: 22 | J107: 1 | K107: 2 | P107: 22 | Q107: 1 | R107: 2
B108: =INT((ROW()-22)/4)+1 -> 22 | C108: 2 | D108: 1 | I108: 22 | J108: 2 | K108: 1 | P108: 22 | Q108: 2 | R108: 1
B109: =INT((ROW()-22)/4)+1 -> 22 | C109: 2 | D109: 2 | I109: 22 | J109: 2 | K109: 2 | P109: 22 | Q109: 2 | R109: 2
B110: =INT((ROW()-22)/4)+1 -> 23 | C110: 1 | D110: 1 | I110: 23 | J110: 1 | K110: 1 | P110: 23 | Q110: 1 | R110: 1
B111: =INT((ROW()-22)/4)+1 -> 23 | C111: 1 | D111: 2 | I111: 23 | J111: 1 | K111: 2 | P111: 23 | Q111: 1 | R111: 2
B112: =INT((ROW()-22)/4)+1 -> 23 | C112: 2 | D112: 1 | I112: 23 | J112: 2 | K112: 1 | P112: 23 | Q112: 2 | R112: 1
B113: =INT((ROW()-22)/4)+1 -> 23 | C113: 2 | D113: 2 | I113: 23 | J113: 2 | K113: 2 | P113: 23 | Q113: 2 | R113: 2
... B121: =INT((ROW()-22)/4)+1 -> 25 | C121: 2 | D121: 2 | I121: 25 | J121: 2 | K121: 2 | P121: 25 | Q121: 2 | R121: 2

Sheet Linearity, Sr
A1: Linearity Study
A2: Unit of Measure: | B2: nmol/L
A3: Matrix: | B3: Serum
A5: Package Insert AMI:
A6: Extended AMI (from insert):
A7: Name of Linearity Material:
A8: Lot# :
A9: Company (e.g. CAP, Maine):
A10: NOTE: | B10: If no linearity material is commercially available, one can use a high patient pool with dilution studies.
A12: Instructions: | B12: Follow manufacturer instructions. Generally expect 3 replicates per level.
B13: If available, provide the expected mean and/or range from the manufacturer
A15: Levels | B15: Replicate | C15: Measured Result | D15: Average | E15: Expected Mean | F15: Expected Range
A16: Level 1 | B16: 1 | C16: 325.7 | D16: =AVERAGE(C16:C18) -> 322.35 | E16: 322.35
A17: Level 1 | B17: 2 | C17: 319
A18: Level 1 | B18: 3
A19: Level 2 | B19: 1 | C19: 273.5 | D19: =AVERAGE(C19:C20) -> 272.8 | E19: 290.115
A20: Level 2 | B20: 2 | C20: 272.1
A21: Level 2 | B21: 3
A22: Level 3 | B22: 1 | C22: 196.8 | D22: =AVERAGE(C22:C24) -> 196.6 | E22: 257.88
A23: Level 3 | B23: 2 | C23: 196.4
A24: Level 3 | B24: 3
A25: Level 4 | B25: 1 | C25: 169.9 | D25: =AVERAGE(C25:C27) -> 169.5 | E25: 225.65
A26: Level 4 | B26: 2 | C26: 169.1
A27: Level 4 | B27: 3
A28: Level 5 | B28: 1 | C28: 136.2 | D28: 136.2 | E28: 193.4
A29: Level 5 | B29: 2 | C29: 135.8
A30: Level 5 | B30: 3
A31: Level 6 | B31: 1 | C31: 116.1 | D31: =AVERAGE(C31:C33) -> 115.6 | E31: 161.18
A32: Level 6 | B32: 2 | C32: 115.1
A33: Level 6 | B33: 3
A34: Level 7 | B34: 1 | C34: 93.6 | D34: =AVERAGE(C34:C36) -> 94.05 | E34: 128.94
A35: Level 7 | B35: 2 | C35: 94.5
A36: Level 7 | B36: 3
A37: Level 8 | B37: 1 | C37: 71.6 | D37: =AVERAGE(C37:C39) -> 71.3 | E37: 96.71
A38: Level 8 | B38: 2 | C38: 71
A39: Level 8 | B39: 3
A40: Level 9 | B40: 1 | C40: 51.8 | D40: =AVERAGE(C40:C42) -> 50.55 | E40: 64.47
A41: Level 9 | B41: 2 | C41: 49.3
A42: Level 9 | B42: 3
A43: Level 10 | B43: 1 | C43: 27.8 | D43: =AVERAGE(C43:C45) -> 27.7 | E43: 32.235
A44: Level 10 | B44: 2 | C44: 27.6
A45: Level 10 | B45: 3
A46: Level 10 | B46: 1 | C46: 0 | D46: =AVERAGE(C46:C48) -> 0 | E46: 32.235
A47: Level 10 | B47: 2 | C47: 0
A48: Level 10 | B48: 3
A52: Pass Criteria: Use ordinary least square regression, orthoglonal or non-parametric regression model to assess the correlation. Pearson R > 0.90 and expected differences should be within allowable performance limits (APL). Analytical Measurement Interval (AMI) verified is the minimum and maximum range of levels examined + error associated at the lower and upper limits. Allowable performance limits from: Review - Proficiency Testing Precision Goals and Allowable Performance Limits for Chemistry and Hematology. Revision date: 2022-05-10.

Sheet Reference Interval
A1: ="Verification of " &B2& " on " &B3 -> Verification of NT-proBNP on Vitros 5600
A2: Analytes: | B2: ='Method Comparison'!B2 -> NT-proBNP
A3: Instrument: | B3: ='Method Comparison'!B3 -> Vitros 5600
A4: Instrument S/N: | B4: ='Method Comparison'!B4 -> 1290353
A5: Purpose: | B5: ='Method Comparison'!B5:F5 -> This method serves to bringing in-house BNP testing for heart failure assessments
A6: Matrix:
A7: Unit of Measure: | B7: ='Method Comparison'!B7 -> ng/L
A11: Refernece Interval (RI) Adoption Method: | D11: Selected Options (1-5):
A12: 1. Transference via Method Equivalence
A13: 2. Verification by 20 - 40 Ostensibily Health Individuals
A14: 3. Therapeutic interval from clinical input
A15: 4. Therapeutic interval from manufacturer
A16: 5. Other (Explain) | D16: Adoption of Medical Decision Points from Clinical Cut-offs
A18: Current RI:
A19: Current Source of RI:
A20: Proposed RI
A21: Proposed Source of RI:
A25: Healthy Individual # | B25: Gender | C25: Age | D25: Result | E25: Bacrode | F25: Specimen#
F26: 1
F27: 2
F28: 3
F29: 4
F30: 5
F31: 6
F32: 7
F33: 8
F34: 9
F35: 10
F36: 11
F37: 12
... F103: 78
